Group,Code,Name,Description,Color,Facility Map,ZoneType,ZoneGroup,Zone Points,Zone Properties
">LAM>METRORAILBUS",104,Westlake/MacArthur Park,,"#EA30FF",>LAM>METRORAILBUS>METRORAIL,>LAM>STATION,>LAM>METRORAILBUS>ON-SITE,-118.48940987920386|34.01353208844304;-118.48940987920386|34.0136699327922;-118.48921407794576|34.0136699327922;-118.48921407794576|34.01353208844304,
">LAM>METRORAILBUS",1041,APU/Citrus College,,"#FFD940",>LAM>METRORAILBUS>METRORAIL,>LAM>STATION,>LAM>METRORAILBUS>ON-SITE,-118.48485817050558|34.01653348736287;-118.48485817050558|34.01667799648519;-118.4846462759934|34.01667799648519;-118.4846462759934|34.01653348736287,
">LAM>METRORAILBUS",105,103rd St/Watts Towers,,"#3388FF",>LAM>METRORAILBUS>METRORAIL,>LAM>STATION,>LAM>METRORAILBUS>ON-SITE,-118.48878492450339|34.010715123452044;-118.48878492450339|34.01084852563867;-118.48861594533543|34.01084852563867;-118.48861594533543|34.010715123452044,
">LAM>METRORAILBUS",107,Warner Center Transit Hub,,"#FF8F5E",>LAM>METRORAILBUS>METRORAIL,>LAM>STATION,>LAM>METRORAILBUS>ON-SITE,-118.49529504743259|34.0155135570948;-118.49529504743259|34.015677187913816;-118.4950890539767|34.015677187913816;-118.4950890539767|34.0155135570948,
">LAM>METRORAILBUS",109,De Soto,,"#FF8E4D",>LAM>METRORAILBUS>METRORAIL,>LAM>STATION,>LAM>METRORAILBUS>ON-SITE,-118.49472508498464|34.01586218542057;-118.49472508498464|34.0159317831234;-118.49462630425576|34.0159317831234;-118.49462630425576|34.01586218542057,
">LAM>METRORAILBUS",110,Pierce College,,"#FF8E4D",>LAM>METRORAILBUS>METRORAIL,>LAM>STATION,>LAM>METRORAILBUS>ON-SITE,-118.49440683459859|34.015835393676724;-118.49440683459859|34.015953225179324;-118.49425931310277|34.015953225179324;-118.49425931310277|34.015835393676724,
">LAM>METRORAILBUS",111,Tampa,,"#FF8E4D",>LAM>METRORAILBUS>METRORAIL,>LAM>STATION,>LAM>METRORAILBUS>ON-SITE,-118.4940688762627|34.015971011052315;-118.4939052615128|34.015971011052315;-118.4939052615128|34.015833170439265;-118.4940688762627|34.015833170439265,
">LAM>METRORAILBUS",1110,1110-Cubic Lab,,"#4DE170",>LAM>METRORAILBUS>METRORAIL,>LAM>STATION,>LAM>METRORAILBUS>ON-SITE,-118.48673880100252|34.010181157123164;-118.48673880100252|34.01031456014814;-118.48655104637147|34.01031456014814;-118.48655104637147|34.010181157123164,
">LAM>METRORAILBUS",112,Reseda,,"#FF8E4D",>LAM>METRORAILBUS>METRORAIL,>LAM>STATION,>LAM>METRORAILBUS>ON-SITE,-118.49373628234486|34.01582872396414;-118.49373628234486|34.015971011052315;-118.49356730317693|34.015971011052315;-118.49356730317693|34.01582872396414,
">LAM>METRORAILBUS",113,Balboa,,"#FF8E4D",>LAM>METRORAILBUS>METRORAIL,>LAM>STATION,>LAM>METRORAILBUS>ON-SITE,-118.49339295959098|34.015830947201735;-118.49339295959098|34.01595544841365;-118.49323202705007|34.01595544841365;-118.49323202705007|34.015830947201735,
">LAM>METRORAILBUS",114,Woodley,,"#FF8E4D",>LAM>METRORAILBUS>METRORAIL,>LAM>STATION,>LAM>METRORAILBUS>ON-SITE,-118.4930576834641|34.01582872396414;-118.4930576834641|34.01596878781838;-118.49290479755025|34.01596878781838;-118.49290479755025|34.01582872396414,
">LAM>METRORAILBUS",115,Sepulveda,,"#FF8E4D",>LAM>METRORAILBUS>METRORAIL,>LAM>STATION,>LAM>METRORAILBUS>ON-SITE,-118.49272240733724|34.01595544841365;-118.49255879258733|34.01595544841365;-118.49255879258733|34.015826500726504;-118.49272240733724|34.015826500726504,
">LAM>METRORAILBUS",116,Van Nuys,,"#FF8E4D",>LAM>METRORAILBUS>METRORAIL,>LAM>STATION,>LAM>METRORAILBUS>ON-SITE,-118.49237372016529|34.015833170439265;-118.49237372016529|34.01595989488213;-118.49221010541538|34.01595989488213;-118.49221010541538|34.015833170439265,
">LAM>METRORAILBUS",117,Woodman,,"#FF8E4D",>LAM>METRORAILBUS>METRORAIL,>LAM>STATION,>LAM>METRORAILBUS>ON-SITE,-118.49204380845647|34.01595767164791;-118.49187214707952|34.01595767164791;-118.49187214707952|34.015826500726504;-118.49204380845647|34.015826500726504,
">LAM>METRORAILBUS",118,Valley College,,"#FF8E4D",>LAM>METRORAILBUS>METRORAIL,>LAM>STATION,>LAM>METRORAILBUS>ON-SITE,-118.49168975686649|34.01582872396414;-118.49168975686649|34.01596878781838;-118.49153687095266|34.01596878781838;-118.49153687095266|34.01582872396414,
">LAM>METRORAILBUS",119,Laurel Canyon,,"#FF8E4D",>LAM>METRORAILBUS>METRORAIL,>LAM>STATION,>LAM>METRORAILBUS>ON-SITE,-118.49135448073967|34.01582872396414;-118.49135448073967|34.01596878781838;-118.49119623040775|34.01596878781838;-118.49119623040775|34.01582872396414,
">LAM>METRORAILBUS",120,North Hollywood (Red),,"#FF250D",>LAM>METRORAILBUS>METRORAIL,>LAM>STATION,>LAM>METRORAILBUS>ON-SITE,-118.49089850520711|34.015975457519964;-118.49072684383013|34.015975457519964;-118.49072684383013|34.015815384537404;-118.49089850520711|34.015815384537404,
">LAM>METRORAILBUS",121,Union Station (Red),,"#FF441F",>LAM>METRORAILBUS>METRORAIL,>LAM>STATION,>LAM>METRORAILBUS>ON-SITE,-118.48786425583968|34.01360776973302;-118.48786425583968|34.01375717510431;-118.48773550980697|34.01375717510431;-118.48773550980697|34.01360776973302,
">LAM>METRORAILBUS",122,Civic Center,,"#9835F0",>LAM>METRORAILBUS>METRORAIL,>LAM>STATION,>LAM>METRORAILBUS>ON-SITE,-118.48831822013479|34.01362769019286;-118.48831822013479|34.01374107817515;-118.48811973666768|34.01374107817515;-118.48811973666768|34.01362769019286,
">LAM>METRORAILBUS",123,Pershing Square,,"#9835F0",>LAM>METRORAILBUS>METRORAIL,>LAM>STATION,>LAM>METRORAILBUS>ON-SITE,-118.48883588647466|34.01329419524953;-118.48883588647466|34.013438709885804;-118.48864813184362|34.013438709885804;-118.48864813184362|34.01329419524953,
">LAM>METRORAILBUS",124,7th St/Metro Center (Red),,"#ED1B0C",>LAM>METRORAILBUS>METRORAIL,>LAM>STATION,>LAM>METRORAILBUS>ON-SITE,-118.48921676015476|34.01341203027915;-118.48921676015476|34.0135165253573;-118.48904778098684|34.0135165253573;-118.48904778098684|34.01341203027915,
">LAM>METRORAILBUS",125,Wilshire/Vermont,,"#EA30FF",>LAM>METRORAILBUS>METRORAIL,>LAM>STATION,>LAM>METRORAILBUS>ON-SITE,-118.48962445592502|34.013861135873746;-118.48944206571203|34.013861135873746;-118.48944206571203|34.013687719143526;-118.48962445592502|34.013687719143526,
">LAM>METRORAILBUS",126,Wilshire/Normandie,,"#8138FF",>LAM>METRORAILBUS>METRORAIL,>LAM>STATION,>LAM>METRORAILBUS>ON-SITE,-118.49034328794103|34.01378332071809;-118.49034328794103|34.01390560164493;-118.49018235540011|34.01390560164493;-118.49018235540011|34.01378332071809,
">LAM>METRORAILBUS",1264,Atlantic,,"#FFD940",>LAM>METRORAILBUS>METRORAIL,>LAM>STATION,>LAM>METRORAILBUS>ON-SITE,-118.48538120126348|34.013271962206744;-118.48538120126348|34.0134031370751;-118.48520417546848|34.0134031370751;-118.48520417546848|34.013271962206744,
">LAM>METRORAILBUS",1265,E LA Civic Center,,"#FFD940",>LAM>METRORAILBUS>METRORAIL,>LAM>STATION,>LAM>METRORAILBUS>ON-SITE,-118.48571379518131|34.01328530203311;-118.48571379518131|34.01339869047269;-118.48556359147648|34.01339869047269;-118.48556359147648|34.01328530203311,
">LAM>METRORAILBUS",1266,Maravilla,,"#FFD940",>LAM>METRORAILBUS>METRORAIL,>LAM>STATION,>LAM>METRORAILBUS>ON-SITE,-118.48605711793525|34.013400913773914;-118.48586131667714|34.013400913773914;-118.48586131667714|34.01326973890213;-118.48605711793525|34.01326973890213,
">LAM>METRORAILBUS",1267,Indiana,,"#FFD940",>LAM>METRORAILBUS>METRORAIL,>LAM>STATION,>LAM>METRORAILBUS>ON-SITE,-118.48639239406208|34.01327863212018;-118.48639239406208|34.01341203027915;-118.48621268605808|34.01341203027915;-118.48621268605808|34.01327863212018,
">LAM>METRORAILBUS",1268,Soto,,"#FFD940",>LAM>METRORAILBUS>METRORAIL,>LAM>STATION,>LAM>METRORAILBUS>ON-SITE,-118.48670889472585|34.01326973890213;-118.48670889472585|34.01339869047269;-118.48655869102103|34.01339869047269;-118.48655869102103|34.01326973890213,
">LAM>METRORAILBUS",1269,Mariachi,,"#FFD940",>LAM>METRORAILBUS>METRORAIL,>LAM>STATION,>LAM>METRORAILBUS>ON-SITE,-118.48704953527073|34.01326973890213;-118.48704953527073|34.013400913773914;-118.48687787389377|34.013400913773914;-118.48687787389377|34.01326973890213,
">LAM>METRORAILBUS",127,Wilshire/Western,,"#8138FF",>LAM>METRORAILBUS>METRORAIL,>LAM>STATION,>LAM>METRORAILBUS>ON-SITE,-118.49083144998173|34.01389893178075;-118.4906785640679|34.01389893178075;-118.4906785640679|34.01378776730035;-118.49083144998173|34.01378776730035,
">LAM>METRORAILBUS",1270,Pico/Aliso,,"#FFD940",>LAM>METRORAILBUS>METRORAIL,>LAM>STATION,>LAM>METRORAILBUS>ON-SITE,-118.48739285802465|34.01326751559749;-118.48739285802465|34.013400913773914;-118.48722119664768|34.013400913773914;-118.48722119664768|34.01326751559749,
">LAM>METRORAILBUS",1271,Little Tokyo,,"#FFD940",>LAM>METRORAILBUS>METRORAIL,>LAM>STATION,>LAM>METRORAILBUS>ON-SITE,-118.48774690961463|34.0135254185495;-118.48758061265569|34.0135254185495;-118.48758061265569|34.013396467171404;-118.48774690961463|34.013396467171404,
">LAM>METRORAILBUS",128,Vermont/Beverly,,"#FF250D",>LAM>METRORAILBUS>METRORAIL,>LAM>STATION,>LAM>METRORAILBUS>ON-SITE,-118.48969151115041|34.01399230983179;-118.48969151115041|34.01410347404438;-118.48953326081853|34.01410347404438;-118.48953326081853|34.01399230983179,
">LAM>METRORAILBUS",129,Vermont/Santa Monica,,"#FF250D",>LAM>METRORAILBUS>METRORAIL,>LAM>STATION,>LAM>METRORAILBUS>ON-SITE,-118.4897263798676|34.014319132201685;-118.4897263798676|34.01444141235679;-118.4895252141915|34.01444141235679;-118.4895252141915|34.014319132201685,
">LAM>METRORAILBUS",130,Vermont/Sunset,,"#FF250D",>LAM>METRORAILBUS>METRORAIL,>LAM>STATION,>LAM>METRORAILBUS>ON-SITE,-118.48970492219549|34.014625943893805;-118.48970492219549|34.01475933993586;-118.48953862523655|34.01475933993586;-118.48953862523655|34.014625943893805,
">LAM>METRORAILBUS",131,Hollywood/Western,,"#FF250D",>LAM>METRORAILBUS>METRORAIL,>LAM>STATION,>LAM>METRORAILBUS>ON-SITE,-118.4898524436913|34.01489495903039;-118.4898524436913|34.01504614071646;-118.4896727356873|34.01504614071646;-118.4896727356873|34.01489495903039,
">LAM>METRORAILBUS",132,Hollywood/Vine,,"#FF250D",>LAM>METRORAILBUS>METRORAIL,>LAM>STATION,>LAM>METRORAILBUS>ON-SITE,-118.49013944005588|34.01513951750571;-118.49013944005588|34.01526846623634;-118.48995704984287|34.01526846623634;-118.48995704984287|34.01513951750571,
">LAM>METRORAILBUS",133,Hollywood/Highland,,"#FF250D",>LAM>METRORAILBUS>METRORAIL,>LAM>STATION,>LAM>METRORAILBUS>ON-SITE,-118.49040766095739|34.01537073577998;-118.49040766095739|34.015506353897834;-118.49023331737143|34.015506353897834;-118.49023331737143|34.01537073577998,
">LAM>METRORAILBUS",134,Universal City,,"#FF250D",>LAM>METRORAILBUS>METRORAIL,>LAM>STATION,>LAM>METRORAILBUS>ON-SITE,-118.49068929290397|34.01559973018089;-118.49068929290397|34.01574646413253;-118.49050690269094|34.01574646413253;-118.49050690269094|34.01559973018089,
">LAM>METRORAILBUS",135,N Hollywood (Orange),,"#FF8E4D",>LAM>METRORAILBUS>METRORAIL,>LAM>STATION,>LAM>METRORAILBUS>ON-SITE,-118.4910943064652|34.01598435045459;-118.49093873834234|34.01598435045459;-118.49093873834234|34.015826500726504;-118.4910943064652|34.015826500726504,
">LAM>METRORAILBUS",136,7th St/Metro Center (Blue),,"#3388FF",>LAM>METRORAILBUS>METRORAIL,>LAM>STATION,>LAM>METRORAILBUS>ON-SITE,-118.48922480678183|34.01339202056871;-118.48905410734125|34.01339202056871;-118.48905410734125|34.013268416580864;-118.48922480678183|34.013268416580864,
">LAM>METRORAILBUS",137,Pico,,"#3388FF",>LAM>METRORAILBUS>METRORAIL,>LAM>STATION,>LAM>METRORAILBUS>ON-SITE,-118.48946352338415|34.01309187434549;-118.48946352338415|34.01324305924239;-118.48923285340884|34.01324305924239;-118.48923285340884|34.01309187434549,
">LAM>METRORAILBUS",138,Grand,,"#3388FF",>LAM>METRORAILBUS>METRORAIL,>LAM>STATION,>LAM>METRORAILBUS>ON-SITE,-118.48934282397846|34.01278061047479;-118.48917116260152|34.01278061047479;-118.48917116260152|34.01266055124827;-118.48934282397846|34.01266055124827,
">LAM>METRORAILBUS",139,San Pedro St,,"#3388FF",>LAM>METRORAILBUS>METRORAIL,>LAM>STATION,>LAM>METRORAILBUS>ON-SITE,-118.4890048656426|34.0123781890649;-118.4890048656426|34.01250714198955;-118.48883856868369|34.01250714198955;-118.48883856868369|34.0123781890649,
">LAM>METRORAILBUS",140,Washington,,"#3388FF",>LAM>METRORAILBUS>METRORAIL,>LAM>STATION,>LAM>METRORAILBUS>ON-SITE,-118.48877956008533|34.012093602607074;-118.48877956008533|34.01221588596755;-118.48861326312642|34.01221588596755;-118.48861326312642|34.012093602607074,
">LAM>METRORAILBUS",141,Vernon,,"#3388FF",>LAM>METRORAILBUS>METRORAIL,>LAM>STATION,>LAM>METRORAILBUS>ON-SITE,-118.48877419566735|34.011826801936564;-118.48877419566735|34.01194686234203;-118.48861594533543|34.01194686234203;-118.48861594533543|34.011826801936564,
">LAM>METRORAILBUS",142,Slauson,,"#3388FF",>LAM>METRORAILBUS>METRORAIL,>LAM>STATION,>LAM>METRORAILBUS>ON-SITE,-118.48877687787633|34.0116733911714;-118.48861862754447|34.0116733911714;-118.48861862754447|34.01154888367995;-118.48877687787633|34.01154888367995,
">LAM>METRORAILBUS",143,Florence,,"#3388FF",>LAM>METRORAILBUS>METRORAIL,>LAM>STATION,>LAM>METRORAILBUS>ON-SITE,-118.48877687787633|34.011270964513656;-118.48877687787633|34.01137768558109;-118.48861058091738|34.01137768558109;-118.48861058091738|34.011270964513656,
">LAM>METRORAILBUS",144,Firestone,,"#3388FF",>LAM>METRORAILBUS>METRORAIL,>LAM>STATION,>LAM>METRORAILBUS>ON-SITE,-118.48879297113041|34.010990821073406;-118.48879297113041|34.01111532938317;-118.48861862754447|34.01111532938317;-118.48861862754447|34.010990821073406,
">LAM>METRORAILBUS",145,Willowbrook (Blue),,"#3388FF",>LAM>METRORAILBUS>METRORAIL,>LAM>STATION,>LAM>METRORAILBUS>ON-SITE,-118.48870445823295|34.010300003960715;-118.48870445823295|34.010468328854266;-118.48846123092102|34.010468328854266;-118.48846123092102|34.010300003960715,
">LAM>METRORAILBUS",1453,1453-TAP LAB,,"#F9F540",>LAM>METRORAILBUS>METRORAIL,>LAM>STATION,>LAM>METRORAILBUS>ON-SITE,-118.48761320114137|34.01380964472158;-118.48761320114137|34.013938595471586;-118.48745763301851|34.013938595471586;-118.48745763301851|34.01380964472158,
">LAM>METRORAILBUS",146,Compton,,"#3388FF",>LAM>METRORAILBUS>METRORAIL,>LAM>STATION,>LAM>METRORAILBUS>ON-SITE,-118.48877956008533|34.010105917469104;-118.48861326312642|34.010105917469104;-118.48861326312642|34.00998140767916;-118.48877956008533|34.00998140767916,
">LAM>METRORAILBUS",147,Artesia,,"#3388FF",>LAM>METRORAILBUS>METRORAIL,>LAM>STATION,>LAM>METRORAILBUS>ON-SITE,-118.4887902889214|34.00970793017826;-118.4887902889214|34.00981910000031;-118.48861594533543|34.00981910000031;-118.48861594533543|34.00970793017826,
">LAM>METRORAILBUS",148,Del Amo,,"#3388FF",>LAM>METRORAILBUS>METRORAIL,>LAM>STATION,>LAM>METRORAILBUS>ON-SITE,-118.48879833554845|34.00942778158112;-118.48879833554845|34.009558962388496;-118.48861058091738|34.009558962388496;-118.48861058091738|34.00942778158112,
">LAM>METRORAILBUS",149,Wardlow,,"#3388FF",>LAM>METRORAILBUS>METRORAIL,>LAM>STATION,>LAM>METRORAILBUS>ON-SITE,-118.48877687787633|34.00914985547225;-118.48877687787633|34.00926324943455;-118.48861326312642|34.00926324943455;-118.48861326312642|34.00914985547225,
">LAM>METRORAILBUS",150,Willow St,,"#3388FF",>LAM>METRORAILBUS>METRORAIL,>LAM>STATION,>LAM>METRORAILBUS>ON-SITE,-118.48878492450339|34.00887415187351;-118.48878492450339|34.00899643987052;-118.48861326312642|34.00899643987052;-118.48861326312642|34.00887415187351,
">LAM>METRORAILBUS",151,Pacific Coast Highway,,"#3388FF",>LAM>METRORAILBUS>METRORAIL,>LAM>STATION,>LAM>METRORAILBUS>ON-SITE,-118.48878492450339|34.00858733024415;-118.48878492450339|34.00871406550216;-118.4886078987084|34.00871406550216;-118.4886078987084|34.00858733024415,
">LAM>METRORAILBUS",152,Anaheim St,,"#3388FF",>LAM>METRORAILBUS>METRORAIL,>LAM>STATION,>LAM>METRORAILBUS>ON-SITE,-118.48877419566735|34.00831384825343;-118.48877419566735|34.00840945587876;-118.48861594533543|34.00840945587876;-118.48861594533543|34.00831384825343,
">LAM>METRORAILBUS",153,5th Street,,"#3388FF",>LAM>METRORAILBUS>METRORAIL,>LAM>STATION,>LAM>METRORAILBUS>ON-SITE,-118.48876078462224|34.0081426436321;-118.48862130975346|34.0081426436321;-118.48862130975346|34.00804925914771;-118.48876078462224|34.00804925914771,
">LAM>METRORAILBUS",154,1st Street,,"#3388FF",>LAM>METRORAILBUS>METRORAIL,>LAM>STATION,>LAM>METRORAILBUS>ON-SITE,-118.48876078462224|34.007766881629685;-118.48876078462224|34.00786026642461;-118.48862130975346|34.00786026642461;-118.48862130975346|34.007766881629685,
">LAM>METRORAILBUS",155,155-Transit Mall,,"#3388FF",>LAM>METRORAILBUS>METRORAIL,>LAM>STATION,>LAM>METRORAILBUS>ON-SITE,-118.48909378051759|34.00775763234789;-118.48909378051759|34.007895486071114;-118.48886847496034|34.007895486071114;-118.48886847496034|34.00775763234789,
">LAM>METRORAILBUS",156,Pacific Av,,"#3388FF",>LAM>METRORAILBUS>METRORAIL,>LAM>STATION,>LAM>METRORAILBUS>ON-SITE,-118.48904509877784|34.00804258882348;-118.48904509877784|34.00814486707097;-118.48890294170002|34.00814486707097;-118.48890294170002|34.00804258882348,
">LAM>METRORAILBUS",157,Union Station (Gold),,"#FFD940",>LAM>METRORAILBUS>METRORAIL,>LAM>STATION,>LAM>METRORAILBUS>ON-SITE,-118.48771204089742|34.013634360078356;-118.48771204089742|34.0137744275529;-118.48757524823765|34.0137744275529;-118.48757524823765|34.013634360078356,
">LAM>METRORAILBUS",158,Chinatown,,"#FFD940",>LAM>METRORAILBUS>METRORAIL,>LAM>STATION,>LAM>METRORAILBUS>ON-SITE,-118.48775495624166|34.01407679464662;-118.48775495624166|34.01420129843105;-118.48757793044668|34.01420129843105;-118.48757793044668|34.01407679464662,
">LAM>METRORAILBUS",159,Lincoln/Cypress,,"#FFD940",>LAM>METRORAILBUS>METRORAIL,>LAM>STATION,>LAM>METRORAILBUS>ON-SITE,-118.48774422740561|34.0143569279048;-118.48774422740561|34.014476984732504;-118.4875993881188|34.014476984732504;-118.4875993881188|34.0143569279048,
">LAM>METRORAILBUS",160,Heritage Square,,"#FFD940",>LAM>METRORAILBUS>METRORAIL,>LAM>STATION,>LAM>METRORAILBUS>ON-SITE,-118.48774690961463|34.014641506776165;-118.48774690961463|34.014766009732455;-118.48758865928275|34.014766009732455;-118.48758865928275|34.014641506776165,
">LAM>METRORAILBUS",161,Southwest Museum,,"#FFD940",>LAM>METRORAILBUS>METRORAIL,>LAM>STATION,>LAM>METRORAILBUS>ON-SITE,-118.48775495624166|34.01491496838665;-118.48775495624166|34.015037247683566;-118.48758597707373|34.015037247683566;-118.48758597707373|34.01491496838665,
">LAM>METRORAILBUS",162,Highland Park,,"#FFD940",>LAM>METRORAILBUS>METRORAIL,>LAM>STATION,>LAM>METRORAILBUS>ON-SITE,-118.48774154519657|34.015299591762655;-118.48758329486469|34.015299591762655;-118.48758329486469|34.015192875624905;-118.48774154519657|34.015192875624905,
">LAM>METRORAILBUS",163,South Pasadena,,"#FFD940",>LAM>METRORAILBUS>METRORAIL,>LAM>STATION,>LAM>METRORAILBUS>ON-SITE,-118.48775763845069|34.015590837205984;-118.48757793044668|34.015590837205984;-118.48757793044668|34.015468558706445;-118.48775763845069|34.015468558706445,
">LAM>METRORAILBUS",164,Fillmore,,"#FFD940",>LAM>METRORAILBUS>METRORAIL,>LAM>STATION,>LAM>METRORAILBUS>ON-SITE,-118.48775227403266|34.01574424089272;-118.48775227403266|34.01586429575855;-118.48758597707373|34.01586429575855;-118.48758597707373|34.01574424089272,
">LAM>METRORAILBUS",1649,1649-Baldwin Hills,,"#A6A32B",>LAM>METRORAILBUS>METRORAIL,>LAM>STATION,>LAM>METRORAILBUS>ON-SITE,-118.49160701036456|34.0123066870534;-118.49160701036456|34.01241340681859;-118.49145948886873|34.01241340681859;-118.49145948886873|34.0123066870534,
">LAM>METRORAILBUS",165,Del Mar,,"#FFD940",>LAM>METRORAILBUS>METRORAIL,>LAM>STATION,>LAM>METRORAILBUS>ON-SITE,-118.48775227403266|34.01613330697107;-118.48758865928275|34.01613330697107;-118.48758865928275|34.01602436864888;-118.48775227403266|34.01602436864888,
">LAM>METRORAILBUS",166,Memorial Park,,"#FFD940",>LAM>METRORAILBUS>METRORAIL,>LAM>STATION,>LAM>METRORAILBUS>ON-SITE,-118.48775763845069|34.01629337935415;-118.48775763845069|34.01642010311005;-118.48758865928275|34.01642010311005;-118.48758865928275|34.01629337935415,
">LAM>METRORAILBUS",1665,1665-23rd Street,,"#56B7FB",>LAM>METRORAILBUS>METRORAIL,>LAM>STATION,>LAM>METRORAILBUS>ON-SITE,-118.48976433277132|34.0128847508436;-118.48976433277132|34.01300814471985;-118.48961547017099|34.01300814471985;-118.48961547017099|34.0128847508436,
">LAM>METRORAILBUS",1666,Jefferson/USC,,"#3388FF",>LAM>METRORAILBUS>METRORAIL,>LAM>STATION,>LAM>METRORAILBUS>ON-SITE,-118.49010993575672|34.01272502752066;-118.48992754554372|34.01272502752066;-118.48992754554372|34.01261386150322;-118.49010993575672|34.01261386150322,
">LAM>METRORAILBUS",1667,Expo Park/USC,,"#3388FF",>LAM>METRORAILBUS>METRORAIL,>LAM>STATION,>LAM>METRORAILBUS>ON-SITE,-118.49061150884253|34.01242710226627;-118.49061150884253|34.012580511669604;-118.49045057630163|34.012580511669604;-118.49045057630163|34.01242710226627,
">LAM>METRORAILBUS",1668,Expo/Vermont,,"#3388FF",>LAM>METRORAILBUS>METRORAIL,>LAM>STATION,>LAM>METRORAILBUS>ON-SITE,-118.49099506473164|34.01243377224609;-118.49099506473164|34.01258495831485;-118.49079121684652|34.01258495831485;-118.49079121684652|34.01243377224609,
">LAM>METRORAILBUS",1669,Expo/Western,,"#3388FF",>LAM>METRORAILBUS>METRORAIL,>LAM>STATION,>LAM>METRORAILBUS>ON-SITE,-118.49130083655935|34.012444888877965;-118.49130083655935|34.01256939505549;-118.49111844634632|34.01256939505549;-118.49111844634632|34.012444888877965,
">LAM>METRORAILBUS",167,Lake,,"#FFD940",>LAM>METRORAILBUS>METRORAIL,>LAM>STATION,>LAM>METRORAILBUS>ON-SITE,-118.48749746417622|34.016526817705135;-118.48749746417622|34.01665576432853;-118.48733921384434|34.01665576432853;-118.48733921384434|34.016526817705135,
">LAM>METRORAILBUS",1670,Expo/Crenshaw,,"#3388FF",>LAM>METRORAILBUS>METRORAIL,>LAM>STATION,>LAM>METRORAILBUS>ON-SITE,-118.49162806605916|34.01245600550837;-118.49162806605916|34.0125782883469;-118.49146176910025|34.0125782883469;-118.49146176910025|34.01245600550837,
">LAM>METRORAILBUS",1671,Farmdale,,"#3388FF",>LAM>METRORAILBUS>METRORAIL,>LAM>STATION,>LAM>METRORAILBUS>ON-SITE,-118.49194993114095|34.0124493355303;-118.49194993114095|34.0125782883469;-118.49179704522709|34.0125782883469;-118.49179704522709|34.0124493355303,
">LAM>METRORAILBUS",1672,Expo/La Brea,,"#3388FF",>LAM>METRORAILBUS>METRORAIL,>LAM>STATION,>LAM>METRORAILBUS>ON-SITE,-118.49229325389487|34.01257384170132;-118.492137685772|34.01257384170132;-118.492137685772|34.01245600550837;-118.49229325389487|34.01245600550837,
">LAM>METRORAILBUS",1673,La Cienega/Jefferson,,"#3388FF",>LAM>METRORAILBUS>METRORAIL,>LAM>STATION,>LAM>METRORAILBUS>ON-SITE,-118.49259902572254|34.012435995572574;-118.49259902572254|34.012580511669604;-118.49246759748083|34.012580511669604;-118.49246759748083|34.012435995572574,
">LAM>METRORAILBUS",168,Allen,,"#FFD940",>LAM>METRORAILBUS>METRORAIL,>LAM>STATION,>LAM>METRORAILBUS>ON-SITE,-118.48715682363134|34.01653571058199;-118.48715682363134|34.01664464824803;-118.48700125550847|34.01664464824803;-118.48700125550847|34.01653571058199,
">LAM>METRORAILBUS",169,Sierra Madre Villa,,"#FFD940",>LAM>METRORAILBUS>METRORAIL,>LAM>STATION,>LAM>METRORAILBUS>ON-SITE,-118.48682154750449|34.01653348736287;-118.48682154750449|34.01665131789652;-118.48667402600864|34.01665131789652;-118.48667402600864|34.01653348736287,
">LAM>METRORAILBUS",170,Redondo Beach,,"#4DE170",>LAM>METRORAILBUS>METRORAIL,>LAM>STATION,>LAM>METRORAILBUS>ON-SITE,-118.49156637525181|34.00907870624214;-118.49156637525181|34.00924768556633;-118.49137862062076|34.00924768556633;-118.49137862062076|34.00907870624214,
">LAM>METRORAILBUS",1708,Sherman Way,,"#FF8F5E",>LAM>METRORAILBUS>METRORAIL,>LAM>STATION,>LAM>METRORAILBUS>ON-SITE,-118.49528646449473|34.0161147207011;-118.49528646449473|34.01627835049706;-118.49507617924249|34.01627835049706;-118.49507617924249|34.0161147207011,
">LAM>METRORAILBUS",1709,Roscoe,,"#FF8F5E",>LAM>METRORAILBUS>METRORAIL,>LAM>STATION,>LAM>METRORAILBUS>ON-SITE,-118.49528646449473|34.016402851052305;-118.49528646449473|34.01657003725213;-118.49506330483565|34.01657003725213;-118.49506330483565|34.016402851052305,
">LAM>METRORAILBUS",171,Douglas,,"#4DE170",>LAM>METRORAILBUS>METRORAIL,>LAM>STATION,>LAM>METRORAILBUS>ON-SITE,-118.49158783292394|34.0095056007286;-118.4913839850388|34.0095056007286;-118.4913839850388|34.00935440917676;-118.49158783292394|34.00935440917676,
">LAM>METRORAILBUS",1710,Nordhoff,,"#FF8F5E",>LAM>METRORAILBUS>METRORAIL,>LAM>STATION,>LAM>METRORAILBUS>ON-SITE,-118.4952821730258|34.01666608025086;-118.4952821730258|34.01684038023526;-118.49506330483565|34.01684038023526;-118.49506330483565|34.01666608025086,
">LAM>METRORAILBUS",1711,Chatsworth,,"#FF8F5E",>LAM>METRORAILBUS>METRORAIL,>LAM>STATION,>LAM>METRORAILBUS>ON-SITE,-118.49531221363578|34.0170217940139;-118.49531221363578|34.01722455021903;-118.49503755536718|34.01722455021903;-118.49503755536718|34.0170217940139,
">LAM>METRORAILBUS",1712,Culver City,,"#214AED",>LAM>METRORAILBUS>METRORAIL,>LAM>STATION,>LAM>METRORAILBUS>ON-SITE,-118.49295039510348|34.0124515588564;-118.49295039510348|34.01258273499226;-118.49280689692122|34.01258273499226;-118.49280689692122|34.0124515588564,
">LAM>METRORAILBUS",172,El Segundo,,"#4DE170",>LAM>METRORAILBUS>METRORAIL,>LAM>STATION,>LAM>METRORAILBUS>ON-SITE,-118.49158783292394|34.00964789841382;-118.49158783292394|34.00979019586059;-118.4913839850388|34.00979019586059;-118.4913839850388|34.00964789841382,
">LAM>METRORAILBUS",173,Mariposa,,"#4DE170",>LAM>METRORAILBUS>METRORAIL,>LAM>STATION,>LAM>METRORAILBUS>ON-SITE,-118.49159319734197|34.010079236815194;-118.49141080712894|34.010079236815194;-118.49141080712894|34.00991470593088;-118.49159319734197|34.00991470593088,
">LAM>METRORAILBUS",174,Aviation/LAX,,"#4DE170",>LAM>METRORAILBUS>METRORAIL,>LAM>STATION,>LAM>METRORAILBUS>ON-SITE,-118.49144299363714|34.01013259811464;-118.49144299363714|34.0103104688705;-118.49121232366183|34.0103104688705;-118.49121232366183|34.01013259811464,
">LAM>METRORAILBUS",1749,El Monte Bus Facility,,"#696E6C",>LAM>METRORAILBUS>METRORAIL,>LAM>STATION,>LAM>METRORAILBUS>ON-SITE,-118.48575671052555|34.01368104926223;-118.48548848962406|34.01368104926223;-118.48548848962406|34.01352986514525;-118.48575671052555|34.01352986514525,
">LAM>METRORAILBUS",175,Hawthorne/Lennox,,"#4DE170",>LAM>METRORAILBUS>METRORAIL,>LAM>STATION,>LAM>METRORAILBUS>ON-SITE,-118.49096556043247|34.010163725523775;-118.49096556043247|34.0103149156346;-118.49076171254734|34.0103149156346;-118.49076171254734|34.010163725523775,
">LAM>METRORAILBUS",176,Crenshaw,,"#4DE170",>LAM>METRORAILBUS>METRORAIL,>LAM>STATION,>LAM>METRORAILBUS>ON-SITE,-118.49063833093265|34.01014593843424;-118.49063833093265|34.010319362398505;-118.49042375421146|34.010319362398505;-118.49042375421146|34.01014593843424,
">LAM>METRORAILBUS",177,Vermont/Athens,,"#4DE170",>LAM>METRORAILBUS>METRORAIL,>LAM>STATION,>LAM>METRORAILBUS>ON-SITE,-118.49030037259679|34.01015927875176;-118.49030037259679|34.01033714945174;-118.49009652471165|34.01033714945174;-118.49009652471165|34.01015927875176,
">LAM>METRORAILBUS",178,Harbor Freeway,,"#4DE170",>LAM>METRORAILBUS>METRORAIL,>LAM>STATION,>LAM>METRORAILBUS>ON-SITE,-118.4899087700806|34.01011481101855;-118.4899087700806|34.010390510589076;-118.48960836267095|34.010390510589076;-118.48960836267095|34.01011481101855,
">LAM>METRORAILBUS",179,Avalon,,"#4DE170",>LAM>METRORAILBUS>METRORAIL,>LAM>STATION,>LAM>METRORAILBUS>ON-SITE,-118.48937232827764|34.01013259811464;-118.48937232827764|34.010346042976956;-118.48913629388431|34.010346042976956;-118.48913629388431|34.01013259811464,
">LAM>METRORAILBUS",180,Willowbrook (Green),,"#4DE170",>LAM>METRORAILBUS>METRORAIL,>LAM>STATION,>LAM>METRORAILBUS>ON-SITE,-118.48893244599917|34.01013704488808;-118.48893244599917|34.01029712857676;-118.48873128032307|34.01029712857676;-118.48873128032307|34.01013704488808,
">LAM>METRORAILBUS",181,Long Beach Bl,,"#4DE170",>LAM>METRORAILBUS>METRORAIL,>LAM>STATION,>LAM>METRORAILBUS>ON-SITE,-118.48794807529072|34.010326032543894;-118.4877978715859|34.010326032543894;-118.4877978715859|34.010177065838526;-118.48794807529072|34.010177065838526,
">LAM>METRORAILBUS",182,Lakewood Bl,,"#4DE170",>LAM>METRORAILBUS>METRORAIL,>LAM>STATION,>LAM>METRORAILBUS>ON-SITE,-118.48749746417622|34.01017261906717;-118.48749746417622|34.010326032543894;-118.4873445782624|34.010326032543894;-118.4873445782624|34.01017261906717,
">LAM>METRORAILBUS",183,Norwalk,,"#4DE170",>LAM>METRORAILBUS>METRORAIL,>LAM>STATION,>LAM>METRORAILBUS>ON-SITE,-118.48710586166005|34.010177065838526;-118.48710586166005|34.010319362398505;-118.48694492911918|34.010319362398505;-118.48694492911918|34.010177065838526,
">LAM>METRORAILBUS",1873,Palms,,"#3388FF",>LAM>METRORAILBUS>METRORAIL,>LAM>STATION,>LAM>METRORAILBUS>ON-SITE,-118.49328835343938|34.01244711220416;-118.49328835343938|34.0125871816374;-118.49313814973453|34.0125871816374;-118.49313814973453|34.01244711220416,
">LAM>METRORAILBUS",1874,Westwood/Rancho Park,,"#3388FF",>LAM>METRORAILBUS>METRORAIL,>LAM>STATION,>LAM>METRORAILBUS>ON-SITE,-118.49362094735721|34.0124493355303;-118.49362094735721|34.012580511669604;-118.49346806144338|34.012580511669604;-118.49346806144338|34.0124493355303,
">LAM>METRORAILBUS",1875,Expo/Sepulveda,,"#3388FF",>LAM>METRORAILBUS>METRORAIL,>LAM>STATION,>LAM>METRORAILBUS>ON-SITE,-118.493945494648|34.01257606502414;-118.49380065536121|34.01257606502414;-118.49380065536121|34.0124426655517;-118.493945494648|34.0124426655517,
">LAM>METRORAILBUS",1876,Expo/Bundy,,"#3388FF",>LAM>METRORAILBUS>METRORAIL,>LAM>STATION,>LAM>METRORAILBUS>ON-SITE,-118.49429686402898|34.012444888877965;-118.49429686402898|34.01257606502414;-118.49412520265203|34.01257606502414;-118.49412520265203|34.012444888877965,
">LAM>METRORAILBUS",1877,26th St/Bergamot,,"#3388FF",>LAM>METRORAILBUS>METRORAIL,>LAM>STATION,>LAM>METRORAILBUS>ON-SITE,-118.49462141131977|34.0124493355303;-118.49462141131977|34.0125782883469;-118.49447388982394|34.0125782883469;-118.49447388982394|34.0124493355303,
">LAM>METRORAILBUS",1878,17th St/SMC,,"#3388FF",>LAM>METRORAILBUS>METRORAIL,>LAM>STATION,>LAM>METRORAILBUS>ON-SITE,-118.49495936965567|34.0125782883469;-118.4948011193238|34.0125782883469;-118.4948011193238|34.01244711220416;-118.49495936965567|34.01244711220416,
">LAM>METRORAILBUS",1879,Downtown Santa Monica,,"#3388FF",>LAM>METRORAILBUS>METRORAIL,>LAM>STATION,>LAM>METRORAILBUS>ON-SITE,-118.49528391694646|34.0124493355303;-118.49528391694646|34.01258940495984;-118.49514175986866|34.01258940495984;-118.49514175986866|34.0124493355303,
">LAM>METRORAILBUS",1910,Cal State LA,,"#696E6C",>LAM>METRORAILBUS>METRORAIL,>LAM>STATION,>LAM>METRORAILBUS>ON-SITE,-118.4863038811646|34.0135432049311;-118.4863038811646|34.013689942437175;-118.48609466886143|34.013689942437175;-118.48609466886143|34.0135432049311,
">LAM>METRORAILBUS",1911,LAC USC Medical Center,,"#696E6C",>LAM>METRORAILBUS>METRORAIL,>LAM>STATION,>LAM>METRORAILBUS>ON-SITE,-118.48674376344306|34.013685495849806;-118.48653455113987|34.013685495849806;-118.48653455113987|34.013556544714845;-118.48674376344306|34.013556544714845,
">LAM>METRORAILBUS",1912,37th St/USC-Silver,,"#696D6E",>LAM>METRORAILBUS>METRORAIL,>LAM>STATION,>LAM>METRORAILBUS>ON-SITE,-118.48982025718313|34.012369295752514;-118.48982025718313|34.01250269534023;-118.48963786697011|34.01250269534023;-118.48963786697011|34.012369295752514,
">LAM>METRORAILBUS",1914,Slauson Bus Facility-Silver,,"#696D6E",>LAM>METRORAILBUS>METRORAIL,>LAM>STATION,>LAM>METRORAILBUS>ON-SITE,-118.48981757497408|34.01182235525162;-118.48981757497408|34.01194241566339;-118.4896405491791|34.01194241566339;-118.4896405491791|34.01182235525162,
">LAM>METRORAILBUS",1915,Manchester-Silver,,"#696D6E",>LAM>METRORAILBUS>METRORAIL,>LAM>STATION,>LAM>METRORAILBUS>ON-SITE,-118.48982025718313|34.01126207108531;-118.48982025718313|34.01139547241262;-118.48964591359717|34.01139547241262;-118.48964591359717|34.01126207108531,
">LAM>METRORAILBUS",1916,Rosecrans-Silver,,"#696D6E",>LAM>METRORAILBUS>METRORAIL,>LAM>STATION,>LAM>METRORAILBUS>ON-SITE,-118.48982025718313|34.00996584394261;-118.48982025718313|34.010099247306414;-118.48963518476108|34.010099247306414;-118.48963518476108|34.00996584394261,
">LAM>METRORAILBUS",1917,Harbor Gateway Transit Center,,"#696D6E",>LAM>METRORAILBUS>METRORAIL,>LAM>STATION,>LAM>METRORAILBUS>ON-SITE,-118.4899087700806|34.009652345212636;-118.4899087700806|34.00987913164374;-118.48962982034305|34.00987913164374;-118.48962982034305|34.009652345212636,
">LAM>METRORAILBUS",223,Canoga Ave,,"#FF9830",>LAM>METRORAILBUS>METRORAIL,>LAM>STATION,>LAM>METRORAILBUS>ON-SITE,-118.49506232038136|34.015857070239;-118.49506232038136|34.01593705462165;-118.49496048025783|34.01593705462165;-118.49496048025783|34.015857070239,
">LAM>METRORAILBUS",2709,2709-Pico Blvd Mid-Wilshire,,"#599AFD",>LAM>METRORAILBUS>METRORAIL,>LAM>STATION,>LAM>METRORAILBUS>ON-SITE,-118.49148631095888|34.01313820834123;-118.49148631095888|34.0132760533293;-118.49127709865571|34.0132760533293;-118.49127709865571|34.01313820834123,
">LAM>METRORAILBUS",310,Arcadia Station,,"#FFD940",>LAM>METRORAILBUS>METRORAIL,>LAM>STATION,>LAM>METRORAILBUS>ON-SITE,-118.48648358916863|34.01666243397615;-118.48634411429983|34.01666243397615;-118.48634411429983|34.01653571058199;-118.48648358916863|34.01653571058199,
">LAM>METRORAILBUS",471,Duarte/City of Hope,,"#FFD940",>LAM>METRORAILBUS>METRORAIL,>LAM>STATION,>LAM>METRORAILBUS>ON-SITE,-118.48582644795995|34.01651792482734;-118.48582644795995|34.01666243397615;-118.48566015100103|34.01666243397615;-118.48566015100103|34.01651792482734,
">LAM>METRORAILBUS",474,Irwindale,,"#FFD940",>LAM>METRORAILBUS>METRORAIL,>LAM>STATION,>LAM>METRORAILBUS>ON-SITE,-118.48548312520603|34.01652014804688;-118.48548312520603|34.01664687146426;-118.48531951045615|34.01664687146426;-118.48531951045615|34.01652014804688,
">LAM>METRORAILBUS",489,Monrovia,,"#FFD940",>LAM>METRORAILBUS>METRORAIL,>LAM>STATION,>LAM>METRORAILBUS>ON-SITE,-118.48616708850483|34.01652459448577;-118.48616708850483|34.01665354111254;-118.4859954271279|34.01665354111254;-118.4859954271279|34.01652459448577,
">LAM>METRORAILBUS",575,Azusa Downtown,,"#FFD940",>LAM>METRORAILBUS>METRORAIL,>LAM>STATION,>LAM>METRORAILBUS>ON-SITE,-118.48515321349723|34.01664020181541;-118.4849869165383|34.01664020181541;-118.4849869165383|34.01652904092443;-118.48515321349723|34.01652904092443,
